Award,Nominee
AP Most Valuable Player,Patrick Mahomes
AP Most Valuable Player,Jalen Hurts
AP Most Valuable Player,Josh Allen
AP Most Valuable Player,Joe Burrow
AP Most Valuable Player,Justin Jefferson
AP Coach of the Year,Brian Daboll
AP Coach of the Year,Kyle Shanahan
AP Coach of the Year,Doug Pederson
AP Coach of the Year,Sean McDermott
AP Coach of the Year,Nick Sirianni
AP Assistant Coach of the Year,DeMeco Ryans
AP Assistant Coach of the Year,Ben Johnson
AP Assistant Coach of the Year,Shane Steichen
AP Offensive Player of the Year,Justin Jefferson
AP Offensive Player of the Year,Patrick Mahomes
AP Offensive Player of the Year,Jalen Hurts
AP Offensive Player of the Year,Tyreek Hill
AP Defensive Player of the Year,Nick Bosa
AP Defensive Player of the Year,Micah Parsons
AP Defensive Player of the Year,Chris Jones
AP Offensive Rookie of the Year,Garrett Wilson
AP Offensive Rookie of the Year,Kenneth Walker III
AP Offensive Rookie of the Year,Brock Purdy
AP Defensive Rookie of the Year,Sauce Gardner
AP Defensive Rookie of the Year,Aidan Hutchinson
AP Defensive Rookie of the Year,Tariq Woolen
AP Comeback Player of the Year,Geno Smith
AP Comeback Player of the Year,Christian McCaffrey
AP Comeback Player of the Year,Saquon Barkley
Walter Payton NFL Man of the Year,Dak Prescott
Salute to Service Award,Ron Rivera
FedEx Air Player of the Year,Joe Burrow
FedEx Air Player of the Year,Patrick Mahomes
FedEx Air Player of the Year,Josh Allen
FedEx Ground Player of the Year,Josh Jacobs
FedEx Ground Player of the Year,Nick Chubb
FedEx Ground Player of the Year,Saquon Barkley
Bud Light Celly of the Year,Cincinnati Bengals roller-coaster celebration
Deacon Jones Award,Nick Bosa
Jim Brown Award,Josh Jacobs
Art Rooney Sportsmanship Award,Calais Campbell
Next Gen Stats Moment of the Year,Justin Jefferson catch against the Bills
NFL Fan of the Year,Larry Bevans
Pepsi NFL Rookie of the Year,Garrett Wilson
Pepsi NFL Rookie of the Year,Brock Purdy
Pepsi NFL Rookie of the Year,Kenneth Walker III
Pepsi NFL Rookie of the Year,Chris Olave
Pepsi NFL Rookie of the Year,Dameon Pierce
Pepsi NFL Rookie of the Year,Sauce Gardner
Pro Football Hall of Fame Class of 2023,Joe Thomas
Pro Football Hall of Fame Class of 2023,Darrelle Revis
Pro Football Hall of Fame Class of 2023,DeMarcus Ware
Pro Football Hall of Fame Class of 2023,Ronde Barber
Pro Football Hall of Fame Class of 2023,Zach Thomas
Pro Football Hall of Fame Class of 2023,Don Coryell
Pro Football Hall of Fame Class of 2023,Chuck Howley
Pro Football Hall of Fame Class of 2023,Joe Klecko
Pro Football Hall of Fame Class of 2023,Ken Riley